article_id,title,abstract,step1_variables,step1_count,step1_IVs,step1_DVs,step1_moderators,step1_mediators,step2_final_vars,step2_final_count,step2_IVs,step2_DVs,step2_moderators,step2_mediators,step2_other_controls,step2_hierarchy,step2_hierarchy_count,step3_sentences,step3_sentence_count,step4_directional,step4_directional_count,step4_correlational,step4_correlational_count,step4_moderation,step4_moderation_count,input_tokens,output_tokens,total_tokens,step5_1_hierarchy,step5_1_directional,step5_1_correlational,step5_1_moderation,step5_1_justifications,step5_1_input_tokens,step5_1_output_tokens,step5_1_total_tokens
json_7,Children's inferences with print and pictures. [References].,"The primary purpose of this study was to determine whether there is a difference in children's ability to answer inferential questions from pictures, print, and print with pictures. A secondary purpose was to determine whether there is a difference between more skilled and less skilled reader's ability to answer inferential questions in the different modes. The participants in the study were 116 fifth- and sixth-grade students. The materials consisted of 15 photographs and 15 passages of 150 to 200 words. Each student participated in each condition by answering 25 inferential questions. The results indicated that the students performed significantly better in the picture-only and the print-with-picture conditions than in the print-only condition. Although the more skilled readers scored significantly better than the less skilled readers in the print-only condition, there were no differences between the two ability groups in the two picture conditions. Qualitative analyses were also conducted on the students' responses for determining possible sources of errors.","presentation mode (picture-only, print-only, print-with-picture); ability to answer inferential questions; reading skill level (more skilled vs less skilled readers)",3,"presentation mode (picture-only, print-only, print-with-picture)",ability to answer inferential questions,reading skill level (more skilled vs less skilled readers),,"presentation mode (picture-only, print-only, print-with-picture); ability to answer inferential questions; reading skill level (more skilled vs less skilled readers)",3,,,,,,,0,"The primary purpose of this study was to determine whether there is a difference in children's ability to answer inferential questions from pictures, print, and print with pictures.; A secondary purpose was to determine whether there is a difference between more skilled and less skilled reader's ability to answer inferential questions in the different modes.; The results indicated that the students performed significantly better in the picture-only and the print-with-picture conditions than in the print-only condition.; Although the more skilled readers scored significantly better than the less skilled readers in the print-only condition, there were no differences between the two ability groups in the two picture conditions.",4,"presentation mode (picture-only, print-only, print-with-picture) -> ability to answer inferential questions [validated]; reading skill level (more skilled vs less skilled readers) -> ability to answer inferential questions [validated]",2,,0,"presentation mode (picture-only, print-only, print-with-picture) moderates (reading skill level (more skilled vs less skilled readers), ability to answer inferential questions) [validated]",1,,,,,"presentation mode (picture-only, print-only, print-with-picture) -> ability to answer inferential questions [validated]; reading skill level (more skilled vs less skilled readers) -> ability to answer inferential questions [validated]",,"presentation mode (picture-only, print-only, print-with-picture) moderates (reading skill level (more skilled vs less skilled readers), ability to answer inferential questions) [validated]; reading skill level (more skilled vs less skilled readers) moderates (presentation mode (picture-only, print-only, print-with-picture), ability to answer inferential questions) [validated]","Retained presentation mode -> ability to answer inferential questions as directional: The abstract reports significant performance differences across presentation conditions, indicating that presentation mode affects inferential-question performance. | Retained reading skill level -> ability to answer inferential questions as directional: The abstract states that more skilled readers scored significantly better than less skilled readers in the print-only condition, supporting a group effect on performance. | Retained presentation mode moderates reading skill level -> ability to answer inferential questions: Differences between skill groups occurred in the print-only condition but not in the picture conditions, showing that the effect of reading skill level on performance varies by presentation mode. | Added reading skill level moderates presentation mode -> ability to answer inferential questions: Because the interaction is explicit, the effect of presentation mode on inferential-question performance also differs across reading skill levels; per rule, interaction effects should be coded symmetrically.",1240,700,1940
json_97,Retaining your high performers: Moderators of the performance-job satisfaction-voluntary turnover relationship. [References].,"Two divergent ideas explain the relationship between performance and voluntary turnover. One suggests that higher performing employees, who are rewarded for their superior work product, will desire to remain with an organization that values their performance and will, consequently, be less likely than lower performing employees to voluntarily leave. An alternative idea suggests that higher performing employees, who are more desirable to external companies as a result of their superior work product, will have more external job opportunities and will, consequently, be more likely than their lower performing colleagues to voluntarily leave. The current study evaluated the behaviors and attitudes of 12,545 insurance employees over a 3-year period to examine how these 2 divergent expectations influence the performance-voluntary turnover relationship. Results show that both pay growth and the relevant unemployment rate interact with performance to influence the performance-voluntary turnover relationship and that they work independently of employee job satisfaction influences.",employee performance; voluntary turnover; pay growth; relevant unemployment rate,4,employee performance,voluntary turnover,pay growth; relevant unemployment rate,,employee performance; voluntary turnover; pay growth; relevant unemployment rate; employee job satisfaction,5,,,,,,,0,"The current study evaluated the behaviors and attitudes of 12,545 insurance employees over a 3-year period to examine how these 2 divergent expectations influence the performance-voluntary turnover relationship.; Results show that both pay growth and the relevant unemployment rate interact with performance to influence the performance-voluntary turnover relationship and that they work independently of employee job satisfaction influences.",2,,0,employee performance <-> voluntary turnover [validated],1,"pay growth moderates (employee performance, voluntary turnover) [validated]; relevant unemployment rate moderates (employee performance, voluntary turnover) [validated]",2,,,,,pay growth -> voluntary turnover [validated]; relevant unemployment rate -> voluntary turnover [validated],employee performance <-> voluntary turnover [validated],"pay growth moderates (employee performance, voluntary turnover) [validated]; relevant unemployment rate moderates (employee performance, voluntary turnover) [validated]","Retained employee performance <-> voluntary turnover as correlational.: The abstract refers to the 'performance-voluntary turnover relationship' but does not explicitly state that performance causes or predicts voluntary turnover. | Retained pay growth moderating the employee performance-voluntary turnover relationship.: The results explicitly state that 'pay growth ... interact[s] with performance to influence the performance-voluntary turnover relationship,' which supports validated moderation. | Retained relevant unemployment rate moderating the employee performance-voluntary turnover relationship.: The abstract explicitly states that the 'relevant unemployment rate interact[s] with performance to influence the performance-voluntary turnover relationship,' indicating validated moderation. | Added pay growth -> voluntary turnover as directional.: Per the interaction rule, when a variable interacts with performance to influence the turnover outcome relationship, the interacting variable should also be represented as having a directional effect on the outcome. | Added relevant unemployment rate -> voluntary turnover as directional.: Per the interaction rule, the unemployment-rate interaction affecting the performance-turnover outcome implies a directional effect entry for the outcome variable. | Did not add a moderation involving employee job satisfaction.: The phrase 'work independently of employee job satisfaction influences' indicates independence/control, not an explicit interaction or differing effect across levels of job satisfaction.",1131,1002,2133
json_100,When thriving requires effortful surviving: Delineating manifestations and resource expenditure outcomes of microaggressions for Black employees. [References].,"Although overt racism is condemned by many organizations, insidious forms of racism persist. Drawing on the conservation of resources framework (Hobfoll, 1989), this article identifies forms and outcomes of racial microaggressions-daily verbal, behavioral, and environmental indignities that denigrate individuals from racially minoritized groups (Sue, Capodilupo, et al., 2007). Leveraging survey data from 345 Black employees, open-ended question qualitative insights delineate three overarching themes of workplace microaggression toward Black employees: anti-Black stereotype expression, racialized role assignment, and interactional injustice. We also detail how these themes manifest in nine distinct ways. Then, we model the cognitive and emotional resource recovery and protection processes that Black employees engage in to overcome workplace microaggressions. Quantitative results demonstrated that workplace microaggressions related to subsequent resource replenishment (i.e., co-rumination, or discussing feelings and venting about problems with coworkers; Rose, 2002) and protection (i.e., racism-related vigilance, or mentally preparing for anticipated racism; Clark et al., 2006) efforts. Further, results suggested undesirable effects of microaggressions on burnout and job satisfaction. Finally, we found a positive relationship between resourcing efforts and job satisfaction but found no support for trait resiliency or organizational support as buffers of microaggression effects. Implications for future research and direct interventions are discussed.",workplace microaggressions; resourcing efforts; co-rumination; racism-related vigilance; burnout; job satisfaction; trait resiliency; organizational support,8,workplace microaggressions; resourcing efforts,co-rumination; racism-related vigilance; burnout; job satisfaction,trait resiliency; organizational support,,workplace microaggressions; anti-Black stereotype expression; racialized role assignment; interactional injustice; resourcing efforts; co-rumination; racism-related vigilance; burnout; job satisfaction; trait resiliency; organizational support,11,,,,,,workplace microaggressions -> anti-Black stereotype expression; workplace microaggressions -> racialized role assignment; workplace microaggressions -> interactional injustice; resourcing efforts -> co-rumination; resourcing efforts -> racism-related vigilance,5,"Leveraging survey data from 345 Black employees, open-ended question qualitative insights delineate three overarching themes of workplace microaggression toward Black employees: anti-Black stereotype expression, racialized role assignment, and interactional injustice.; Then, we model the cognitive and emotional resource recovery and protection processes that Black employees engage in to overcome workplace microaggressions.; Quantitative results demonstrated that workplace microaggressions related to subsequent resource replenishment (i.e., co-rumination, or discussing feelings and venting about problems with coworkers; Rose, 2002) and protection (i.e., racism-related vigilance, or mentally preparing for anticipated racism; Clark et al., 2006) efforts.; Further, results suggested undesirable effects of microaggressions on burnout and job satisfaction.; Finally, we found a positive relationship between resourcing efforts and job satisfaction but found no support for trait resiliency or organizational support as buffers of microaggression effects.",5,workplace microaggressions -> co-rumination [validated]; workplace microaggressions -> racism-related vigilance [validated]; workplace microaggressions -> burnout [validated]; workplace microaggressions -> job satisfaction [validated],4,resourcing efforts <-> job satisfaction [validated],1,"trait resiliency moderates (workplace microaggressions, burnout) [null]; trait resiliency moderates (workplace microaggressions, job satisfaction) [null]; organizational support moderates (workplace microaggressions, burnout) [null]; organizational support moderates (workplace microaggressions, job satisfaction) [null]",4,,,,workplace microaggressions -> anti-Black stereotype expression; workplace microaggressions -> racialized role assignment; workplace microaggressions -> interactional injustice; resourcing efforts -> co-rumination; resourcing efforts -> racism-related vigilance,workplace microaggressions -> co-rumination [validated]; workplace microaggressions -> racism-related vigilance [validated]; workplace microaggressions -> burnout [validated]; workplace microaggressions -> job satisfaction [validated],resourcing efforts <-> job satisfaction [validated],"trait resiliency moderates (workplace microaggressions, burnout) [null]; trait resiliency moderates (workplace microaggressions, job satisfaction) [null]; organizational support moderates (workplace microaggressions, burnout) [null]; organizational support moderates (workplace microaggressions, job satisfaction) [null]","Retained workplace microaggressions -> co-rumination and workplace microaggressions -> racism-related vigilance as directional: The abstract states that workplace microaggressions were related to subsequent resource replenishment and protection efforts, giving temporal/predictive direction. | Retained resourcing efforts <-> job satisfaction as correlational: The abstract says there was a positive relationship between resourcing efforts and job satisfaction, but does not explicitly state a directional effect. | Retained trait resiliency and organizational support moderation edges as null: The abstract explicitly reports no support for trait resiliency or organizational support as buffers of microaggression effects, which indicates tested but unsupported moderation.",1419,808,2227
json_106,Penthranization: An adjuvant in behaviour therapy. [References].,Various adjuvants have been used to facilitate systematic desensitization by means of reciprocal inhibition. Woipe (1958) described a modification of LaVern's (1953) carbon dioxide therapy useful in the treatment of pervasive anxiety. Friedman (1966) used Brevital in the relaxation treatment of frigidity. The purpose of this communication is to describe a technique for using methoxyfhuane inhalation for the induction of muscle relaxation as an adjuvant to behaviour therapy.,methoxyflurane inhalation; muscle relaxation,2,methoxyflurane inhalation,muscle relaxation,,,methoxyflurane inhalation; muscle relaxation,2,,,,,,,0,The purpose of this communication is to describe a technique for using methoxyfhuane inhalation for the induction of muscle relaxation as an adjuvant to behaviour therapy.,1,methoxyflurane inhalation -> muscle relaxation [hypothesized],1,,0,,0,,,,,,,,"Removed directional relationship: methoxyflurane inhalation -> muscle relaxation [hypothesized]: The abstract only states the purpose is to describe a technique for using methoxyflurane inhalation for the induction of muscle relaxation. It does not report tested results or confirmed evidence for this relationship, so the hypothesized edge should be removed.",1068,288,1356
json_112,Social phobia: Individual response patterns and the long-term effects of behavioral and cognitive interventions. A follow-up study.,"Studied the long-term effectiveness of social skills training (SST) and rational emotive therapy (RET), on social phobia as well as the differential influence of patient characteristics on treatment effectiveness. 57 patients (aged 18-56 yrs) were assessed 14 mo after the posttest in a previous study (P. P. Mersch et al; see record 1990-02137-001). Long-term effectiveness was independent of response-pattern. Comparisons showed no differences in effectiveness in favor of either SST or RET. Explorative analysis indicated the potential predictive power for treatment-outcome of confederate ratings of overt behavior on a simulated social interaction test. Ss who needed additional treatment appeared to perform significantly worse on this measure at pretest. No factors could be traced that predicted relapse after relatively successful treatment. Duration of treatment may be a more important factor than treatment method in social phobia.",treatment method (social skills training vs rational emotive therapy); duration of treatment; long-term treatment effectiveness; treatment outcome; relapse after relatively successful treatment; need for additional treatment; response-pattern; confederate ratings of overt behavior on a simulated social interaction test,8,treatment method (social skills training vs rational emotive therapy); duration of treatment,long-term treatment effectiveness; treatment outcome; relapse after relatively successful treatment; need for additional treatment,response-pattern; confederate ratings of overt behavior on a simulated social interaction test,,treatment method (social skills training vs rational emotive therapy); duration of treatment; long-term treatment effectiveness; treatment outcome; relapse after relatively successful treatment; need for additional treatment; response-pattern; confederate ratings of overt behavior on a simulated social interaction test; patient characteristics,9,,,,,,patient characteristics -> response-pattern; patient characteristics -> confederate ratings of overt behavior on a simulated social interaction test,2,"Studied the long-term effectiveness of social skills training (SST) and rational emotive therapy (RET), on social phobia as well as the differential influence of patient characteristics on treatment effectiveness.; Long-term effectiveness was independent of response-pattern.; Comparisons showed no differences in effectiveness in favor of either SST or RET.; Explorative analysis indicated the potential predictive power for treatment-outcome of confederate ratings of overt behavior on a simulated social interaction test.; Ss who needed additional treatment appeared to perform significantly worse on this measure at pretest.; No factors could be traced that predicted relapse after relatively successful treatment.; Duration of treatment may be a more important factor than treatment method in social phobia.",7,treatment method (social skills training vs rational emotive therapy) -> long-term treatment effectiveness [null]; confederate ratings of overt behavior on a simulated social interaction test -> treatment outcome [hypothesized]; confederate ratings of overt behavior on a simulated social interaction test -> need for additional treatment [validated]; patient characteristics -> relapse after relatively successful treatment [null]; duration of treatment -> long-term treatment effectiveness [hypothesized],5,response-pattern <-> long-term treatment effectiveness [null],1,,0,,,,patient characteristics -> response-pattern; patient characteristics -> confederate ratings of overt behavior on a simulated social interaction test,treatment method (social skills training vs rational emotive therapy) -> long-term treatment effectiveness [null]; response-pattern -> long-term treatment effectiveness [null]; patient characteristics -> relapse after relatively successful treatment [null],confederate ratings of overt behavior on a simulated social interaction test <-> need for additional treatment [validated],,"Removed confederate ratings of overt behavior on a simulated social interaction test -> treatment outcome [hypothesized]: The abstract only says explorative analysis indicated 'potential predictive power' for treatment outcome, which is a weak unconfirmed finding and not stated as a primary tested hypothesis. | Removed duration of treatment -> long-term treatment effectiveness [hypothesized]: The statement 'Duration of treatment may be a more important factor than treatment method' is speculative and not presented as a confirmed tested effect. | Changed response-pattern <-> long-term treatment effectiveness [null] to response-pattern -> long-term treatment effectiveness [null]: The abstract frames patient characteristics as having a possible 'influence on treatment effectiveness' and then states long-term effectiveness was independent of response-pattern, indicating a tested directional null effect. | Changed confederate ratings of overt behavior on a simulated social interaction test -> need for additional treatment [validated] to correlational: The supporting sentence is a group-difference/association statement: participants needing additional treatment performed worse on the pretest measure. This supports an association rather than an explicitly stated directional effect.",1318,1285,2603
json_135,Multidimensional family therapy for young adolescent substance abuse: Twelve-month outcomes of a randomized controlled trial. [References].,"Research has established the dangers of early onset substance use for young adolescents and its links to a host of developmental problems. Because critical developmental detours can begin or be exacerbated during early adolescence, specialized interventions that target known risk and protective factors in this period are needed. This controlled trial (n = 83) provided an experimental test comparing multidimensional family therapy (MDFT) and a peer group intervention with young teens. Participants were clinically referred, were of low income, and were mostly ethnic minority adolescents (average age = 13.73 years). Treatments were manual guided, lasted 4 months, and were delivered by community agency therapists. Adolescents and parents were assessed at intake, at 6-weeks post-intake, at discharge, and at 6 and 12 months following treatment intake. Latent growth curve modeling analyses demonstrated the superior effectiveness of MDFT over the 12-month follow-up in reducing substance use (effect size: substance use frequency, d = 0.77; substance use problems, d = 0.74), delinquency (d = 0.31), and internalized distress (d = 0.54), and in reducing risk in family, peer, and school domains (d = 0.27, 0.67, and 0.35, respectively) among young adolescents.",multidimensional family therapy (MDFT); peer group intervention; substance use frequency; substance use problems; delinquency; internalized distress; family risk; peer risk; school risk,9,multidimensional family therapy (MDFT); peer group intervention,substance use frequency; substance use problems; delinquency; internalized distress; family risk; peer risk; school risk,,,multidimensional family therapy (MDFT); peer group intervention; substance use; substance use frequency; substance use problems; delinquency; internalized distress; risk; family risk; peer risk; school risk,11,,,,,,substance use -> substance use frequency; substance use -> substance use problems; risk -> family risk; risk -> peer risk; risk -> school risk,5,"This controlled trial (n = 83) provided an experimental test comparing multidimensional family therapy (MDFT) and a peer group intervention with young teens.; Latent growth curve modeling analyses demonstrated the superior effectiveness of MDFT over the 12-month follow-up in reducing substance use (effect size: substance use frequency, d = 0.77; substance use problems, d = 0.74), delinquency (d = 0.31), and internalized distress (d = 0.54), and in reducing risk in family, peer, and school domains (d = 0.27, 0.67, and 0.35, respectively) among young adolescents.",2,multidimensional family therapy (MDFT) -> substance use frequency [validated]; multidimensional family therapy (MDFT) -> substance use problems [validated]; multidimensional family therapy (MDFT) -> delinquency [validated]; multidimensional family therapy (MDFT) -> internalized distress [validated]; multidimensional family therapy (MDFT) -> family risk [validated]; multidimensional family therapy (MDFT) -> peer risk [validated]; multidimensional family therapy (MDFT) -> school risk [validated],7,,0,,0,,,,substance use -> substance use frequency; substance use -> substance use problems; risk -> family risk; risk -> peer risk; risk -> school risk,multidimensional family therapy (MDFT) -> substance use frequency [validated]; multidimensional family therapy (MDFT) -> substance use problems [validated]; multidimensional family therapy (MDFT) -> delinquency [validated]; multidimensional family therapy (MDFT) -> internalized distress [validated]; multidimensional family therapy (MDFT) -> family risk [validated]; multidimensional family therapy (MDFT) -> peer risk [validated]; multidimensional family therapy (MDFT) -> school risk [validated],,,"Retained all existing directional relationships.: The abstract describes a controlled experimental comparison and reports that MDFT showed superior effectiveness in reducing substance use frequency, substance use problems, delinquency, internalized distress, and family/peer/school risk, which supports directional validated effects. | Retained hierarchy edges for substance use and risk subdimensions.: Substance use frequency and substance use problems are presented as components of substance use, and family, peer, and school domains are subdomains of risk. | No correlational or moderation relationships added.: The abstract reports treatment effects, not mere associations, and does not describe any interaction or moderator.",1329,617,1946
json_141,Propensity scores as a basis for equating groups: Basic principles and application in clinical treatment outcome research. [References].,"A propensity score is the probability that a participant is assigned to the treatment group based on a set of baseline covariates. Propensity scores provide an excellent basis for equating treatment groups on a large set of covariates when randomization is not possible. This article provides a nontechnical introduction to propensity scores for clinical researchers. If all important covariates are measured, then methods that equate on propensity scores can achieve balance on a large set of covariates that mimics that achieved by a randomized experiment. We present an illustration of the steps in the construction and checking of propensity scores in a study of the effectiveness of a health coach versus treatment as usual on the well-being of seriously ill individuals. We then consider alternative methods of equating groups on propensity scores and estimating treatment effects including matching, stratification, weighting, and analysis of covariance. We illustrate a sensitivity analysis that can probe for the potential effects of omitted covariates on the estimate of the causal effect. Finally, we briefly consider several practical and theoretical issues in the use of propensity scores in applied settings. Propensity score methods have advantages over alternative approaches to equating groups particularly when the treatment and control groups do not fully overlap, and there are nonlinear relationships between covariates and the outcome.",health coach versus treatment as usual; well-being,2,health coach versus treatment as usual,well-being,,,health coach versus treatment as usual; well-being; propensity score; baseline covariates,4,health coach versus treatment as usual,well-being,,,propensity score (covariate adjustment / group-equating variable (propensity score methods: matching/stratification/weighting/ANCOVA)); baseline covariates (covariates used to construct propensity scores),,0,"We present an illustration of the steps in the construction and checking of propensity scores in a study of the effectiveness of a health coach versus treatment as usual on the well-being of seriously ill individuals.; We then consider alternative methods of equating groups on propensity scores and estimating treatment effects including matching, stratification, weighting, and analysis of covariance.; We illustrate a sensitivity analysis that can probe for the potential effects of omitted covariates on the estimate of the causal effect.",3,baseline covariates -> propensity score [validated]; health coach versus treatment as usual -> well-being [hypothesized],2,,0,,0,4089,836,4925,,baseline covariates -> propensity score [validated]; health coach versus treatment as usual -> well-being [hypothesized],,,"Retained baseline covariates -> propensity score as directional: The abstract discusses construction and checking of propensity scores; propensity scores are based on baseline covariates, so this is appropriately directional rather than correlational. | Retained health coach versus treatment as usual -> well-being as directional hypothesized: The abstract frames this as a study of the effectiveness of treatment condition on well-being and mentions estimating treatment effects, so the relationship is tested in the model and should not be removed even though it is not explicitly confirmed in the abstract.",1142,414,1556
json_155,Effects of a Cognitive Adjunct Procedure Within a Microtraining Situation. [References].,"The present study examined the generalization effects of three methods of counselor training: cognitive-behavioral (CB), behavioral (B), and programmed learning (PL). Each of 45 low-scoring females, prescreened on empathic communication, was randomly assigned to one of these groups. The CB and B groups received training via manuals, videotapes, and individual supervision, whereas the PL group received programmed manuals only. The CB group was exposed to cognitive strategies in addition to the skill acquisition content of the B and PL groups. Each trainee completed an interview before, after, and 4 weeks after training. The effects of training on different communication skills were examined and assessed by interview, written, and self-report measures. Findings indicated that the CB group was more empathic at posttraining and demonstrated better communication skills than the PL group at follow-up. The B group generally fell in the intermediate position between the CB and PL groups. These findings are discussed in terms of different cognitive strategies and the benefits of programmed manuals within microtraining.","counselor training method (cognitive-behavioral, behavioral, programmed learning); empathy; communication skills",3,"counselor training method (cognitive-behavioral, behavioral, programmed learning)",empathy; communication skills,,,"counselor training method (cognitive-behavioral, behavioral, programmed learning); empathy; communication skills; baseline empathic communication (low-scoring prescreen)",4,,,,,,,0,"The present study examined the generalization effects of three methods of counselor training: cognitive-behavioral (CB), behavioral (B), and programmed learning (PL).; The effects of training on different communication skills were examined and assessed by interview, written, and self-report measures.; Findings indicated that the CB group was more empathic at posttraining and demonstrated better communication skills than the PL group at follow-up.; The B group generally fell in the intermediate position between the CB and PL groups.",4,"counselor training method (cognitive-behavioral, behavioral, programmed learning) -> empathy [validated]; counselor training method (cognitive-behavioral, behavioral, programmed learning) -> communication skills [validated]",2,,0,,0,,,,,"counselor training method (cognitive-behavioral, behavioral, programmed learning) -> empathy [validated]; counselor training method (cognitive-behavioral, behavioral, programmed learning) -> communication skills [validated]",,,"Retained counselor training method -> empathy as directional and validated.: The abstract states that findings indicated the CB group was more empathic at posttraining, implying the training method produced differences in empathy. | Retained counselor training method -> communication skills as directional and validated.: The abstract states that training effects on communication skills were examined and that the CB group demonstrated better communication skills than the PL group at follow-up, supporting a directional effect of training method on communication skills. | Did not add any relationship involving baseline empathic communication (low-scoring prescreen).: This variable is not mentioned in the abstract results/context provided, so no validated directional, correlational, or moderation relationship can be confirmed from the abstract.",1187,465,1652
json_178,Does word identification proceed from spelling to sound to meaning? [References].,"Six experiments addressed the role of phonological information in visual word recognition using a semantic-decision task. Exp 1 replicated Van Orden's (1987) finding that Ss make more false-positive errors on homophone foils than on spelling controls, indicating phonological activation of meaning. Exp 2 showed that only lower frequency words yield this effect when broader categories are used. In Exps 3 and 4, the homophony effect for lower frequency words remained, even though the stimuli included a large proportion of homophones, suggesting that activation of phonological information cannot be strategically inhibited. Exps 5 and 6 examined effects of homophony on targets that were correct category exemplars and yielded similar results. These studies indicate that in skilled readers, phonological information contributes to the activation of word meaning only for low-frequency words.",homophony (homophone foils vs spelling controls); word frequency; category breadth (broader categories); proportion of homophones in the stimulus set; stimulus type (foils vs correct category exemplars/targets); false-positive errors; semantic-decision performance,7,homophony (homophone foils vs spelling controls); word frequency; category breadth (broader categories); proportion of homophones in the stimulus set; stimulus type (foils vs correct category exemplars/targets),false-positive errors; semantic-decision performance,word frequency; category breadth; proportion of homophones in the stimulus set; stimulus type (foils vs correct category exemplars/targets),,homophony (homophone foils vs spelling controls); word frequency; category breadth; proportion of homophones in the stimulus set; stimulus type (foils vs correct category exemplars/targets); false-positive errors; semantic-decision performance,7,,,,,,,0,"Exp 1 replicated Van Orden's (1987) finding that Ss make more false-positive errors on homophone foils than on spelling controls, indicating phonological activation of meaning.; Exp 2 showed that only lower frequency words yield this effect when broader categories are used.; In Exps 3 and 4, the homophony effect for lower frequency words remained, even though the stimuli included a large proportion of homophones, suggesting that activation of phonological information cannot be strategically inhibited.; Exps 5 and 6 examined effects of homophony on targets that were correct category exemplars and yielded similar results.; These studies indicate that in skilled readers, phonological information contributes to the activation of word meaning only for low-frequency words.",5,homophony (homophone foils vs spelling controls) -> false-positive errors [validated],1,,0,"word frequency moderates (homophony (homophone foils vs spelling controls), false-positive errors) [validated]; category breadth moderates (homophony (homophone foils vs spelling controls), false-positive errors) [validated]; proportion of homophones in the stimulus set moderates (homophony (homophone foils vs spelling controls), false-positive errors) [null]; stimulus type (foils vs correct category exemplars/targets) moderates (homophony (homophone foils vs spelling controls), false-positive errors) [null]",4,,,,semantic-decision performance -> false-positive errors,homophony (homophone foils vs spelling controls) -> false-positive errors [validated]; homophony (homophone foils vs spelling controls) -> semantic-decision performance [validated],,"word frequency moderates (homophony (homophone foils vs spelling controls), false-positive errors) [validated]; category breadth moderates (homophony (homophone foils vs spelling controls), false-positive errors) [validated]; proportion of homophones in the stimulus set moderates (homophony (homophone foils vs spelling controls), false-positive errors) [null]; stimulus type (foils vs correct category exemplars/targets) moderates (homophony (homophone foils vs spelling controls), semantic-decision performance) [null]","Added hierarchy: semantic-decision performance > false-positive errors: False-positive errors are a specific outcome measure within the broader semantic-decision task. | Added directional edge homophony -> semantic-decision performance: The abstract reports effects of homophony across experiments and states that phonological information contributes to activation of word meaning, supporting a directional effect on semantic-decision task performance. | Re-specified the stimulus type moderation to target semantic-decision performance rather than false-positive errors: The foil/target comparison includes correct category exemplars, for which false-positive errors are not the appropriate outcome; the abstract says these experiments yielded similar results, implying a null moderation on overall task performance.",1335,2211,3546
json_216,"Self-acceptance and self-disclosure of sexual orientation in lesbian, gay, and bisexual adults: An attachment perspective. [References].","A model linking attachment variables with self-acceptance and self-disclosure of sexual orientation was tested using data from 489 lesbian, gay, and bisexual (LGB) adults. The model included the following 4 domains of variables: (a) representations of childhood attachment experiences with parents, (b) perceptions of parental support for sexual orientation, (c) general working model of attachment, and (d) LGB variables. Results generally supported the proposed model. For example, attachment avoidance and anxiety were associated with self-acceptance difficulties, and avoidance was associated with low levels of outness in everyday life. Parental attachment had an indirect effect on identity and outness through its associations with parental LGB support and general attachment. Some results varied depending on participants' gender and parental religious affiliation.",parental attachment; attachment avoidance; attachment anxiety; self-acceptance difficulties; outness in everyday life; identity; participants' gender; parental religious affiliation; parental LGB support; general attachment,10,parental attachment; attachment avoidance; attachment anxiety,self-acceptance difficulties; outness in everyday life; identity,participants' gender; parental religious affiliation,parental LGB support; general attachment,parental attachment; attachment avoidance; attachment anxiety; self-acceptance difficulties; outness in everyday life; identity; participants' gender; parental religious affiliation; parental LGB support; general attachment; attachment variables; LGB variables; self-acceptance and self-disclosure of sexual orientation,13,parental attachment; attachment avoidance; attachment anxiety,self-acceptance difficulties; outness in everyday life; identity,participants' gender; parental religious affiliation,parental LGB support; general attachment,attachment variables (construct umbrella); LGB variables (construct umbrella); self-acceptance and self-disclosure of sexual orientation (construct umbrella),attachment variables -> parental attachment; attachment variables -> attachment avoidance; attachment variables -> attachment anxiety; attachment variables -> general attachment; LGB variables -> identity; LGB variables -> outness in everyday life; self-acceptance and self-disclosure of sexual orientation -> self-acceptance difficulties; self-acceptance and self-disclosure of sexual orientation -> outness in everyday life,8,"A model linking attachment variables with self-acceptance and self-disclosure of sexual orientation was tested using data from 489 lesbian, gay, and bisexual (LGB) adults.; The model included the following 4 domains of variables: (a) representations of childhood attachment experiences with parents, (b) perceptions of parental support for sexual orientation, (c) general working model of attachment, and (d) LGB variables.; Results generally supported the proposed model.; For example, attachment avoidance and anxiety were associated with self-acceptance difficulties, and avoidance was associated with low levels of outness in everyday life.; Parental attachment had an indirect effect on identity and outness through its associations with parental LGB support and general attachment.; Some results varied depending on participants' gender and parental religious affiliation.",6,parental attachment -> identity [validated]; parental attachment -> outness in everyday life [validated]; parental attachment -> parental LGB support [validated]; parental attachment -> general attachment [validated]; parental LGB support -> identity [validated]; parental LGB support -> outness in everyday life [validated]; general attachment -> identity [validated]; general attachment -> outness in everyday life [validated],8,attachment avoidance <-> self-acceptance difficulties [validated]; attachment anxiety <-> self-acceptance difficulties [validated]; attachment avoidance <-> outness in everyday life [validated],3,,0,3986,2440,6426,attachment variables -> parental attachment; attachment variables -> attachment avoidance; attachment variables -> attachment anxiety; attachment variables -> general attachment; LGB variables -> identity; LGB variables -> outness in everyday life; self-acceptance and self-disclosure of sexual orientation -> self-acceptance difficulties; self-acceptance and self-disclosure of sexual orientation -> outness in everyday life,parental attachment -> identity [validated]; parental attachment -> outness in everyday life [validated]; parental attachment -> parental LGB support [validated]; parental attachment -> general attachment [validated]; parental LGB support -> identity [validated]; parental LGB support -> outness in everyday life [validated]; general attachment -> identity [validated]; general attachment -> outness in everyday life [validated],attachment avoidance <-> self-acceptance difficulties [validated]; attachment anxiety <-> self-acceptance difficulties [validated]; attachment avoidance <-> outness in everyday life [validated],,"Retained the mediated directional paths involving parental attachment, parental LGB support, general attachment, identity, and outness in everyday life.: The abstract states that 'Parental attachment had an indirect effect on identity and outness through its associations with parental LGB support and general attachment,' which supports directional mediation. | Retained attachment avoidance/anxiety with self-acceptance difficulties and attachment avoidance with outness as correlational rather than directional.: These relationships are described only as 'associated with' in the abstract, without explicit predictive or causal wording. | Did not add moderation for participants' gender or parental religious affiliation.: The abstract only says some results 'varied depending on' these variables, but it does not specify which focal relationship was moderated.",1412,1148,2560
